nomor_job,nomor_invoice,tanggal_job,nomor_chassis,kode_sup,customer_code,harga_total,harga_pajak,posisi_km,tanggal_close,keterangan
250121004127,250122004245,2025-12-08,MHKB3BA1JPK096101,BSBSJKTPKT,TIKIJNEEKA,527027,57973,77889,2026-01-13,TIKIJNEEKA PAK MASRUR +62 812-1007-8233  | Ganti ban luar GT RADIAL 165 R13 Maxmiler 2 pcs   | - Posisi ban  serep & RR LH tipis  |   | - Posisi di Cikarang
250121004191,250122004163,2025-12-08,MHKS6GJ3JSJ052288,ADHSJKTCBN,CARIFABADI,371432,40857,11944,2026-01-07,"CARIFABADI ZAENAL 0813 1423 3195  Note : mohon dibuatkan estimasi jika ada penggantian part, tidak ada penambahan  additive , engine flush, brake cleaner , chemical."
250121004275,250122004246,2025-12-08,MHKB3BA1JRK096556,BSBSJKTPKT,TIKIJNEEKA,1054054,115946,32522,2026-01-13,TIKIJNEEKA DIKIN +62 813-8606-9716  | Ganti Ban luar GT RADIAL 165 R13 Maxmiler 2 pcs   | - Posisi ban  FR RH LH TIPIS  |   | - Posisi di bekasi
250121004313,250122004171,2025-12-08,MHKB3BA1JPK095155,ASPMBKSBCS,TIKIJNEEKA,688215,75704,46358,2026-01-09,"TIKIJNEEKA DIKIN +62 813-8606-9716 Last servis km 36 264 tgl 15.7.25 Mohon dibuatkan estimasi, tidak menggunakan chamber clean, additif, brake cleaner,engine flush, chemical  "
251321000213,251322000153,2025-12-08,MHFJB8EM8R1145842,AGAMTBNPLW,BANKPDBALI,296981,32668,16300,2025-12-29,BANKPDBALI BANKPDBALI SR 20.000 KM ( LAST SR KM 7.077 TGL 05/06/25 ) - CEK WIPER DEPAN SAPUAN KURANG BERSIH
250921000991,250922000856,2025-12-08,MHKV3BA3JLK057839,AMIMMGLSKH,INBISCO,434297,47773,206534,2025-12-29,INBISCO PAK DIDIDT  +62 812 7166 5858 Keluhan : Cek kaki kaki ( Bunyi )
251421000408,251422000328,2025-12-08,MHRRW1880MJ103132,HNDACLGLKS,KSTEELPODC,666705,73338,201165,2026-01-07,KSTEELPODC KSTEELPODC  | Pergantian oli mesin + oli filter  | ( Last servis 14/10/2025 km 193.324 )
250121004361,250122004170,2025-12-08,MHKB3BA1JPK092051,ASPMBKSBCS,TIKIJNEEKA,695422,76497,58108,2026-01-09,"TIKIJNEEKA DIKIN+62 813-8606-9716 Last servis km 45 914 tgl 13/6/25 Cek karet pintu belakang bocor Mohon dibuatkan estimasi, tidak menggunakan chamber clean, additif, brake cleaner,engine flush, chemical"
250921001002,250922000850,2025-12-08,MHKB3BA1JRK104626,ADHSSLOAST,AMARAMAPRI,674325,74176,30371,2025-12-29,AMARAMAPRI PAK GUNTUR  0895 704 300 601  | SR 30.000 KM  | ( LAST SR KM 19.749 TGL 23/09/25 )
250121004378,250122004172,2025-12-08,MHKB3BA1JRK101331,ASPMBKSBCS,TIKIJNEEKA,722073,79428,33111,2026-01-09,TIKIJNEEKA DIKIN +62 813-8606-9716  | Cek accu tidak kuat stater  |   | mohon dibuatkan estimasi 
250121004412,,2025-12-08,MHKAA1BY9NK018119,BJVTTGRCRR,BUMITARASA,,,90932,,"BUMITARASA BUMITARASA - Ganti ban 2 pc, GT 185/65/R15 Champ ecotec (ban tipis, gelombang) @ Rp.  658.000 inc ppn Kode ban : 4422, hc, belum pernah ganti"
255421000015,,2025-12-08,MHFAAAAA2P0015726,KMBSGRTAYN,ASRJASAHAR,,,40116,,"ASRJASAHAR ARYADIKA 0852 5640 0723  | CEK STEER GETAR DI KEC 100 KM/J  | SPOORING & BALANCE   | Note: kami tidak menggunakan bahan chemical seperti brake cleaner, engine flush dan sejenisnya.  | ( mohon dibuat estimasi sebelum dikerjakan )   | ( LAST SERVICE : 03/07/2025  30816 KM"
250121901379,250122901414,2025-12-08,MK2NCLHATPJ001712,*INTERNAL,INBISCO,689416,0,62106,2025-12-11,INBISCO    - Cek accu tidak kuat starter  |  (stooring Kelapa gading Jakarta) 
250121901380,250122901415,2025-12-08,MHKB3BA1JPK092698,*INTERNAL,TIKIJNEEKA,763749,0,64920,2025-12-11,"TIKIJNEEKA - Last service 25.09.2025 km 59601 ,next service 25.03.2026 km 69601  | - General check  | - Gt accu soak,tdk kuat starter  | - Gt kisi² ac LH (kisi² nya 3 pc tdk ada)  | - Lumasi run channel & sliding pintu  | - Ch karet wiper FR LH sapuan bergaris  | - Ch fuse, power outlet off  | - Ch tambal ban FR "
250121901381,250122901416,2025-12-08,MH1JM8123RK951280,*INTERNAL,,53000,0,3946,2025-12-11,Stock For Rent - Service berkala  | - Gt oli mesin  | - Ch accu  | - Ch brsihkan filter udara  | - Ch brsihkan rem  | - Ch lampu²  | - Ch tekanan ban all  |   | note: Adj Est Wh order oli mesin: 2 days
250121901385,250122901417,2025-12-08,MHKAA1AY3PK038211,*INTERNAL,MARGATRANS,1,0,52689,2025-12-11,MARGATRANS - General cek  | - Cek kondisi air accu  |  (stooring MTN Parigi) 
250121901386,250122901418,2025-12-08,MHKAB1BY3RK107350,*INTERNAL,MARGATRANS,116270,0,31123,2025-12-11,MARGATRANS - General cek  | - Cek wiper  (sapuan kurang bersih)   |  (stooring MTN Parigi) 
250121901387,250122901419,2025-12-08,MHKAA1AY5PK037514,*INTERNAL,MARGATRANS,6001,0,32073,2025-12-11,MARGATRANS - General cek  | - Cek kondisi air accu  |  (stooring MTN Parigi) 
250121901388,250122901420,2025-12-08,MHKAA1AYXPK037413,*INTERNAL,MARGATRANS,1,0,49029,2025-12-11,MARGATRANS - General cek  | - Cek kondisi air accu  |  (stooring MTN Parigi) 
250621900242,250622000210,2025-12-08,MR0KB8CD5R1152851,AUT2SMDWHS,,205200,22572,22140,2025-12-29, NIKO  0858 9584 1545  | SPOORING ( STERR CENDERUNG LARI KE KIRI )
250421901873,,2025-12-08,MHKV3BA3JSK068314,ADHSMLGAYN,,0,0,10594,,                pak reza: 0813 3315 9595
250421901874,,2025-12-08,MHKV3BA3JNK061280,ADHSSUBSDR,,0,0,140491,,                               pak jubnu: 0857 3557 5769 - Ganti oli mesin+filter oli (last km: 130.971  tgl:16-09-2025) - Cek AC kurang dingin
250421901875,,2025-12-08,MHRRV3850RJ300529,HNDASUBKRG,,0,0,9782,,                               Bu dwi: 0857 3111 3646
250421901876,,2025-12-08,MHKV3BA3JSK068315,ADHSSUBSDR,,0,0,10201,,                pak rizal: 0813 3441 0033  | - Cek oper gigi saat 2 ke 3 gas mbandang  | - cek BBM agak boros
250421901877,,2025-12-08,MHKV3BA3JLK056812,ADHSSUBSDR,,0,0,222712,,                bu desy: 0813 9355 3002  | - Cek engine nyala  | - Cek mesin brebet
250421901878,250422900833,2025-12-08,MK2KRWPNUMJ009360,*INTERNAL,,1490101,0,105951,2025-12-09,                - Cek mobil tidak kuat stater  | - Cek elektrikal
250121901382,250122901428,2025-12-08,MHFJW8EM5L2383069,*INTERNAL,,429507,0,82053,2025-12-12,Stock For Rent - Service berkala  | - Ch accu  | - Bersihkan throttle body  | - Ch busi  | - Ch oli matic  | - Bersihkan filter udara & bensin  | - Lumasi run channel  | - Ch filter ac  | - Ch ban FR RH retak²  | - Ban RR all sdkt mkn luar & dlm (T)  | - Rotasi ban  | - Service rem all  | - Ch tekanan ban all  | - Ch status 
250621900253,,2025-12-08,MHFJW8EM0L2382945,*OTHERS,,0,0,86016,," DEVI ( 0813 4640 5228 )  |   | KELUHAN : KARET WIPER SUDAH AUS (SAPUANNYA SUDAH TIDAK BERSIH )  | -GANTI  KARET WIPER 1 SET FR, LH/RH RP .95.000,-  |   | NOTE : JOB ALREADY DONE  | REIMBURSE DANA CUSTOMER  | "
250421901879,,2025-12-08,MHFJB8EM7R1136565,AUT2SUBKJR,,0,0,39586,,                pak daniel: 0822 4500 5012  | last km: 39.869 tgl; 21-08-2025  | - Cek rem bunyi
250121004297,250122004247,2025-12-09,MHFAAAAA3R0024955,BSBSJKTPKT,WASKITADYA,1432793,157607,89761,2026-01-13,WASKITADYA HADY 0812 9112 0099  | GANTI BAN LUAR 2 PCS  | - GT RADIAL 205/65 R16 CHAMPIRO LUXE  | - POSISI BAN BELAKANG RH & LH SUDAH TIPIS  | - KODE BAN LAMA  51.23 & 52.23
250121004342,250122004249,2025-12-09,MHCPHR54CRJ551431,BSBSJKTPKT,AMARAMAPRI,770000,84700,57107,2026-01-13,AMARAMAPRI YENNY +62 896-5412-1398  | Ganti Ban Luar GT RADIAL 195 R14 Maxmiler 1 pcS   | -  Tipis FR LH
250121004353,250122004150,2025-12-09,MHRRV3850RJ300995,HNDAJKTPPG,CASAVERDIN,732800,80608,29958,2026-01-07,"CASAVERDIN Haiwan +62 811-1233-515   last servis 05/08/2025 km 20369 Mohon dibuatkan estimasi, tidak menggunakan chamber clean, additif, brake cleaner,engine flush, chemical"
250521000272,250522000222,2025-12-09,MHKV3BA3JNK061124,ADHSMESSSM,INBISCO,319819,35180,111199,2025-12-29,INBISCO UKY +62 852 7798 8844  | GANTI OLI & FILTER OLI  | ( LAST SR KM 100.785 TGL 25/08/25 )  | - GANTI FILTER OLI  | - CEK AIR AIR
250121004369,250122004236,2025-12-09,MHKE8FB2JNK013159,OTKPJKTDMT,,160000,17600,145953,2026-01-13,"Stock For Rent STOCK UNIT  | SPOORING  | ( Selesai perbaikan kaki kaki )   | - Rp 174.400,- inc Ppn  | - HC last spooring km 114.550 tgl 29/10/2024"
251521000056,251522000046,2025-12-09,MHKAB1BY0PK050229,HKALMKSUSH,KIMIAFARMA,40845,4493,52043,2026-01-07,KIMIAFARMA WIBOWO 0818 0409 0363  | SR 60.000 KM - FREE SERVICE  | ( LAST SR KM 42.494 TGL 12/09/25 )  | - BATTERY REMOTE LEMAH
250921000999,250922000858,2025-12-09,MHKV3BA3JRK066039,AMIMPWKGYT,INBISCO,827680,91045,54024,2025-12-29,INBISCO PAK SIGIT   +62 822 2125 9230  | SR 50.000 KM  | ( LAST SR KM 43.185 TGL 20/08/25 )
250921001000,250922000859,2025-12-09,MHKB3BA1JRK100700,AMIMPWKGYT,POSLOGINDO,1300339,143037,42010,2025-12-29,POSLOGINDO PAK RICKY    +62 822 6695 6660  | SR 40.000 KM  | ( LASR SR KM 31.002 TGL  22/08/2025 )
250621900255,,2025-12-09,MHKV3BA3JPK064039,*OTHERS,,0,0,55345,," BAYOU( 0895 8067 75571)  |   | - TAMBAL BAN TUBLESS 1 PC S( BOCOR ) Rp.30.000,-  | - U/ BAN RR/RH   |   |   | NOTE : JOB ALREADY DONE ( REIMBURSE DANA CUSTOMER)"
250621900256,,2025-12-09,MHKM5FA3JKK007813,SHOPBPNMWM,,0,0,81572,, STOCK POOL  |   | BATERY SOAK  ( TIDAK KUAT STATER )  | - GANTI BATERY GS MF NS40Z /12V 35AH 1 PCS  
250421901882,,2025-12-09,MHRRV3850RJ301176,HNDASUBKRG,,0,0,2643,,                bu dwi: 0857 3111 3646  | last km: 984 tgl: 05-06-2025
250421901884,,2025-12-09,MHRRV3850RJ300832,HNDASUBKRG,,0,0,12415,,                bu dwi: 0857 3111 3646  | last km: 5.007 tgl: 05-06-2025
250421901886,,2025-12-09,MHFAAAAA1R0031774,BMSPMDNUSH,,0,0,25093,,"                bu avrilia: 0811 5902 427               CAPEM TUBAN  | - Ganti ban luar 1pcs depan RH  | 205/65R16 GT champiro lux  | harga Rp: 800.000,-  | kondisi ban bocor & ada retak di tengah  | "
250421901888,250422900834,2025-12-09,MHKM5EA3JLK168770,*INTERNAL,,296336,0,195048,2025-12-10,                Unit Storing  | - Ganti oli mesin+filter oli  | - Bersihkan filter2  | - Cek ster lari ke kiri  | - Cek engine  | - Cek rem   | - Cek understel  | - Cek elektrikal
250421901890,250422900835,2025-12-09,MHKV3BA3JLK056729,*INTERNAL,,175677,0,231353,2025-12-10,                - Ganti long tie rod kiri (oblak)
250421901891,,2025-12-09,MHKAB1BY0PK050702,AUT2SUBBSR,,0,0,64449,,                               pak erwin: 0811 8753 281  | last km: 54.886 tgl: 25-08-2025
250121901384,250122901429,2025-12-09,MHFAB1BY8N0016367,*INTERNAL,,179135,0,81238,2025-12-12,Stock For Rent - General check  | - Ch accu  | - Repair stel nozzle washer FR LH mampet 1  | - Lumasi run channel p/w (RR RH agak getar)  | - Ch Scan sistem airbag tdk brfungsi (indikator on)  | - Ch cover remote alarm retak (T)  | - Ch Gt bohlam foglamp LH off  | - Ch Gt bohlam plat no RR RH off (di getok baru h
250121901389,250122901430,2025-12-09,MHFABBAA5P0410454,*INTERNAL,JAVAINDORA,1,0,40043,2025-12-12,JAVAINDORA - Service berkala dealer  | - Ch accu  | - Ch lumasi stoper pintu FR LH bunyi  | - Ch filter udara & ac  | - Service rem all  | - Spooring stir miring RH/stir lurus mbl buang LH  | - Bersihkan blower & kondensor ac  | - Ch tekanan ban all  |   | note: Adj Est bkl luar spooring : 1 day
250621900254,,2025-12-09,MHKV3BA3JRK066832,*OTHERS,,0,0,9161,, HENDRA MANURUNG ( 0813 6481 5992)  |   | ( LAST SERVICE : 10.000KM : 1.243 /DD: 05/06/2025)  | KELUHAN : CEK KAKI- KAKI ( BUNYI )
250421901880,,2025-12-09,MHFAAAAAXR0031868,BMSPKDRMBM,,0,0,27067,,"                pak joko: 0811 3534 039  | - Ganti ban luar 2pcs depan RH+LH  | GT Champiro luxe 205/65R16  | kondisi ban tipis  | harga Rp; 800.000,- X2  | "
250421901881,,2025-12-09,MHFAAAAAXR0031868,AUT2TLGPLR,,0,0,27068,,                pak joko: 0811 3534 039
250421901883,250422900847,2025-12-09,MHKV3BA3JNK061080,*INTERNAL,,2,0,111039,2025-12-13,                - General cek up (selesai claim asuransi)  | - Cek AC  | - Cek engine  | - Cek elektrikal
250421901887,250422900848,2025-12-09,MHKV3BA3JLK056812,*INTERNAL,,191908,0,222713,2025-12-13,                - Cek ban depan rh/lh selalu tambah angin  | - Cek bunyi dengung bagian belakang  | - Cek AC kadang kurang dingin  | - Cek lampu dashbord mati
250421901889,,2025-12-09,MHKA6GJ6JSJ199867,AUT2SUBBSR,,0,0,35402,,                pak zanne: 0857 3111 3646  | last km: 12.201 tgl: 04-06-2025
250621900257,,2025-12-09,MHKAA1BYXRK065102,BPRMBPNMTH,,0,0,33714,, ROLAND ( 0822 5521 1994 )  KELUHAN : STERR TIDAK FOCUS ( CENDERUNG LARI KEK KANAN )
250421901892,,2025-12-09,MHKV3BA3JMK058646,ASCOJMBHYW,,0,0,132022,,"                               Pak iwan: 0822 3452 0691  | - Ganti oli mesin+filter oli (last km : 116.774 tgl: 19-06-2025)  | - Cek accu  | note: tolong di buatkan estimasi terlebih dahulu,apabila ada penambahan part &   | jasa tambahan tolong konfirmasi terlebih dahulu  | terima kasih"
255021000113,,2025-12-10,MHFABAAA1P0009199,*OTHERS,,,,37968,,TIMAH..... DINAL 081374410077  | FREE SERVICE 50.000 KM   | LAST SERVICE : 23/06/2025   30127 KM
255021000114,,2025-12-10,MHFABAAA2P0009938,BKMAPTKADS,,,,24518,,TIMAH..... REZA 081368866300 SPOORING ( STEER LARI KANAN )
250421901835,250422000866,2025-12-10,MHKM5EA3JMK183437,AUT2SUBJMB,,431679,47485,69060,2026-01-09, PAK BUDI  0813 3456 6474  | GANTI OLI MESIN + OF  | ( LAST SR KM 58.377 TGL  24/06/25 )  | - CEK SUARA MESIN MENGELITIK  | - PINTU MOBIL SEBELAH KANAN DRV TDK RAPAT  | ( AIR MASUK KABIN LWT SELA2 JENDELA KLU HUJAN DERAS )  | - TOMBOL AC TENGAH ( BLOWER ) NO 1 & 2 TDK BERFUNGSI  | - INDIKATOR POWER STEERING TERKA
250421901894,,2025-12-10,MHKAA1BY5SK072710,AUT2MLGSTY,,0,0,19997,,                pak anwar: 0895 2378 4259  | last km: 9.970 tgl: 18-08-2025
250421901896,,2025-12-10,MHKV3BA3JPK064339,ADHSSUBSDR,,0,0,60398,,                pak aditya: 0851 5602 4304  | last km: 52.600 tgl: 16-06-2025
250421901897,,2025-12-10,MHRRV3850RJ301360,HNDASUBKRG,,0,0,17540,,                bu dwi: 0857 3111 3646  | last km: 10.684 tgl; 12-06-2025
250421901898,,2025-12-10,MHRRV3850RJ301174,HNDASUBKRG,,0,0,10474,,                Bu dwi: 0857 3111 3646  | last km: 4.790 tgl: 10-06-2025
250421901899,,2025-12-10,MHKV3BA3JSK068318,ADHSSUBSDR,,0,0,15583,,                pak zaenal: 0888 4532 013
250421901903,250422900836,2025-12-10,MHKAA1AY9NK007509,*INTERNAL,,296331,0,122956,2025-12-11,                - Ganti oli mesin+filter oli  | - Bersihkan filter2  | - Cek AC  | - Cek engine  | - Cek elektrikal
250421901906,250422900837,2025-12-10,MHKV3BA3JLK056706,*INTERNAL,,1,0,170114,2025-12-11,                - Cek kopling bunyi  | 
250421901907,250422900838,2025-12-10,MHKAB1BY1RK100655,*INTERNAL,,14416,0,31921,2025-12-11,                - General cek up (selesai claim asuransi)  | - Pasang karet pedal kopling  | - Cek elektrikal
250421901916,250422900839,2025-12-10,MKHM5EA3JLK167709,*INTERNAL,,362085,0,69822,2025-12-11,                Unit Storing  | - Ganti oli mesin+filter oli  | - Cek elektrikal  | - Cek mobil saat tanjakan power turun
250421901917,,2025-12-10,MHKV3BA3JLK056706,ADHSSUBSDR,,0,0,170151,,                pak wanto: 0858 5307 7928  | - ganti long tie rod LH  | (lanjutan dari ppk no 1717 inden part 8 hari)
250421901918,250422900840,2025-12-10,MHKV3BA3JLK057228,*INTERNAL,,346196,0,140991,2025-12-11,                Unit Storing  | - Ganti oli mesin+filter oli  | - Cek AC kurang dingin  | - Cek pintu depan kiri susah dibuka  | - Cek elektrikal  | - Cek sapuan wiper kurang bersih
250121901390,250122901431,2025-12-10,MK3AACE2XNJ007388,*INTERNAL,PLNKANTPUS,242015,0,29390,2025-12-16,PLNKANTPUS - Service berkala dealer  | - Ch accu  | - Ch karet wiper sapuan krng bersih  | - Gt batere remote kunci lemah  | - Ch filter ac  | - Ch Gt ban FR all mkn dalam  | - Spooring stir lurus mbl buang LH  | - Service rem all  | - Ch tekanan ban all (indikator on)
250121901391,250122901432,2025-12-10,MHFAAAAA8P0019912,*INTERNAL,TGITRANSGA,1688921,0,36506,2025-12-18,TGITRANSGA - General check  | - Ch Gt accu lemah (saat start all indikator kedip redup)  | - Ch karet wiper FR sapuan krng bersih  | - Ch lumasi stoper & engsel pintu FR all & RR LH bunyi saat buka tutup  | - Ch Gt ban FR all retak² gompal mkn luar & dalam  | - Ch shock RR RH ex rembes  | - Ch repair spion RH o
250121901392,250122901433,2025-12-10,MHKAA1BYXPK021873,*INTERNAL,PARDICJAYA,104999,0,61168,2025-12-16,"PARDICJAYA - General check  | - Ch accu  | - Reset indikator service on (last service 15.11.2025 km 60025)  | - Lumasi run channel & stoper pintu  | - Ch Gt filter ac ,hembusan ac kecil (keluhan tambahan cust ac kurang dingin)  | - Suhu ac ok 5,5'c dingin  | - Bersihkan blower & kondensor ac  | - Ch shock FR /kak"
250121901393,250122901434,2025-12-10,MK2NCLHARLJ000856,*INTERNAL,,533258,0,98974,2025-12-12,"Stock For Rent - Service berkala  (scr bln sdh mndekati, last service 10.07.2025)  | - Ch accu  | - Bersihkan throttle body  | - Ch lumasi vbelt  | - Repair run channel P/W FR RH, kaca pintu FR RH bunyi saat di tutup (kaca turun separuh)  | - Ch filter ac  | - Ch tambal ban RR RH kena baut (ban ada di posisi se"
250421901893,,2025-12-10,MHKAA1BY2RK063053,AUT2JBGSKH,,0,0,30221,,                Bu putri:  0812 1681 4477  | last km: 20.125 tgl : 18-08-2025
250421901895,,2025-12-10,MHKV3BA3JMK058077,ADHSSUBSDR,,0,0,164075,,                pak lukas: 0878 5480 4851  | - Ganti oli mesin+filter oli ( last km: 152.031 tgl: 30-05-2025)  | - Cek pintu geser tengah berat  | - Cek AC kurang dingin  | Note: mohon di buatkan estimasi terlebih dahulu
250421901900,,2025-12-10,MHFAAAAA9R0031716,AUT2PSRAYN,,0,0,59330,,                pak dodok: 0822 3404 0254  | last km: 49.657 tgl: 08-09-2025  | 
250421901901,,2025-12-10,MHKV3BA3JRK065996,ADHSPSRIHJ,,0,0,32040,,                dimas: 081295617188        CAPEM probolinggo  | last km: 21.338 tgl: 12-06-2025
250421901904,,2025-12-10,MK2NCLHATRJ002628,SUNSSUBRNG,,0,0,19580,,                pak darto: 0818 247 265  | last km: 10.651 tgl: 17-06-2025
250421901908,,2025-12-10,MK2NCLHATRJ002644,SUNSSUBRNG,,0,0,23771,,                pak darto: 0818 247 265  | last km : 11.915 tgl: 16-06-2025
250421901909,,2025-12-10,MHKW3CB3JRK007452,ADHSSUBSDR,,0,0,11314,,                pak darto: 0818 247 265  | last km: 6.166 tgl: 17-06-2025
250421901912,,2025-12-10,MHKV3BA3JPK063657,ADHSKDRSKH,,0,0,86172,,"                pak hendarto: 0822 0825 4272       CAPEM MADIUN  | last km: 75.324 tgl: 23-07-2025  | Note: Mohon di buatkan estimasi jika ada pergantian part di luar ganti oli,tidak  |  ada penambahan additive DCS,seperti Engine conditioner/Engine flush & brake  | cleaner"
250421901914,,2025-12-10,MHKAA1BY4SK074142,AUT2KDRHSN,,0,0,9380,,                pak andre: 0817 1759 5008
250421901915,,2025-12-10,MHKAA1BY0SK074073,AUT2SUBBSR,,0,0,9157,,                pak andre: 0817 1759 5008
250421901902,,2025-12-10,MHFAAAAAXR0030655,AUT2SUBBSR,,0,0,31662,,                pak darto: 0818 247 265  | last km: 14.567 tgl: 17-06-2025
250421901905,,2025-12-10,MK2NCLHATRJ002653,SUNSSUBRNG,,0,0,21088,,                pak darto: 0818 247 265  | last km: 8.552 tgl: 17-06-2025
250421901910,,2025-12-10,MHKAB1BY0RK098574,AUT2SUBBSR,,0,0,65141,,                pak wiji: 0813 3021 7547 last km: 55.019 tgl: 27-09-2025 - Cek sein kanan
250421901911,,2025-12-10,MHKV3BA3JLK057228,BSBAJKTPKT,,0,0,140990,,"                pak bagus: 0895 3595 25889  | - Ganti ban luar 1pcs belakang RH  | GT Maxmiler pro 165R13  | kondisi ban sobek  | harga Rp: 590.520,-  | fariz"
250421901913,,2025-12-10,MHKAA1BY4SK074092,AUT2MLGSTY,,0,0,12965,,                pak agus:0852 2966 1254
252721000042,252722000041,2025-12-11,MHKV3BA3JPK064364,ADHSPDGKTS,CIPTANIAGA,826207,90883,95500,2025-12-29,CIPTANIAGA RAHMAT 0822 7916 9165  | SR 90.000 KM  | ( LAST SR KM 80.090 TGL 11/06/2025 )  | - CEK WIPER DEPAN TIDAK BERSIH
250921000977,250922000857,2025-12-11,MHKAA1BY1PK026914,NSMKSLOSMR,BELFONESIA,323513,35586,52147,2025-12-29,BELFONESIA PAK ERLANGGA  +62 822 1339 0939 SR 50.000 KM ( LAST SR KM 41.945 TGL 13/06/25 ) - KELUHAN = STIR NARIK KIRI
250121004318,250122004139,2025-12-11,MHKA6GK6JRJ078319,AUT2BKSJTS,ULTRAPRIMA,747841,82262,22762,2026-01-07,"ULTRAPRIMA ALI +62 812-2347-1023  | Last servis km 11612 tgl 23/7/25  | Mohon dibuatkan estimasi, tidak menggunakan chamber clean, additif, brake   | cleaner,engine flush, chemical  |   | "
250121004371,250122004248,2025-12-11,MHFAAAAA0R0024900,BSBSJKTPKT,WASKITADYA,1432432,157568,82204,2026-01-13,WASKITADYA USMAN +62 813-2220-9937  | Ganti ban GT RADIAL 205/65 R16 Champiro luxe  | - 2 Pcs ( FR RH LH pecah pecah )  |   | - Posisi di cibubur
250121004394,250122004268,2025-12-11,MHCPHR54CPJ533064,ATIZBKSDLT,TIKIJNEEKA,732791,80607,57991,2026-01-13,TIKIJNEEKA PAK DIKIN +62 813-8606-9716  | SR 60.000 KM  | ( Last servis km 49.207 tgl 23/06/25 )  |   | - mohon dibuatkan estimasi
250121004397,250122004269,2025-12-11,MHCPHR54CPJ534031,ATIZBKSDLT,TIKIJNEEKA,749458,82440,74428,2026-01-13,TIKIJNEEKA DIKIN +62 813-8606-9716  | SR 70.000 KM  | ( Last servis km 65.501 tgl 16/09/25 )  |   | - mohon dibuatkan estiasi  |   | - servis di percepat
250121004399,250122004267,2025-12-11,MHCPHR54CPJ534057,ATIZBKSDLT,TIKIJNEEKA,358458,39430,104688,2026-01-13,TIKIJNEEKA PAK DIKIN  +62 813-8606-9716  | Ganti oli mesin dan ganti oli filter  | ( Last sr km 90.009 tgl 16/09/25 )  | - Cek air air  |   | - mohon dibuatkan estimasi
250121004400,250122004266,2025-12-11,MHCPHR54CPJ539429,ATIZBKSDLT,TIKIJNEEKA,1079066,118697,51352,2026-01-13,TIKIJNEEKA PAK DIKIN +62 813-8606-9716  | SR 40.000 KM  | ( Last servis km 41.546 tgl 16/08/25 )  |   | - mohon dibuatkan estimasi
250121004408,250122004265,2025-12-11,MHCPHR54CRJ556191,ATIZBKSDLT,TIKIJNEEKA,732791,80607,27370,2026-01-13,TIKIJNEEKA PAK DIKIN +62 813-8606-9716  | - SR 20.000 KM  | ( Last servis km 9566 tgl 28/06/25 )  |   | - mohon dibuatkan estimasi
250421901920,250422900841,2025-12-11,MHKM5EB3JLK031384,*INTERNAL,,296332,0,105774,2025-12-11,                - Ganti oli mesin+filter oli  | - Cek AC  | - Cek engine  | - Cek elektrikal
250421901921,250422900842,2025-12-11,MHKAB1BY5PK049058,*INTERNAL,,2,0,84465,2025-12-11,                - General cek up (selesai claim asuransi)  | - Cek AC  | - Cek engine  | - Cek elektrikal
250421901922,250422900843,2025-12-11,MHFJW8EM6L2379810,*INTERNAL,,1,0,73120,2025-12-11,                - Lepas GPS
250421901923,250422900844,2025-12-11,MH350C002CK414224,*INTERNAL,,1,0,98860,2025-12-11,Operation - Cek rem belakang macet  | 
250121901394,250122901435,2025-12-11,MHCNMR81LPJ119298,*INTERNAL,,21000,0,145076,2025-12-16,Stock For Rent - General check  | - Kuras air accu  | - Ch charging system  | - Lepas kabel variasi dkt spion tengah
250121901395,250122901436,2025-12-11,MHFAAAAA2R0033047,*INTERNAL,,180120,0,29012,2025-12-16,Stock For Rent - General check  | - Ch accu  | - Gt karet wiper FR sapuan tdk bersih  | - Ch ban FR all bocel agak mkn luar & dlm  | - Ch ban RR all brglombang bag dlm  | - Ch tekanan ban all  | 
250121901396,250122901437,2025-12-11,JTNGF3DH0P8042786,*INTERNAL,,8732,0,29528,2025-12-16,"Stock For Rent - Service berkala dealer (scr bln sdh mndkati,next service 07.01.2026)  | - Ch accu  | - Bersihkan throttle body  | - Ch filter udara & ac  | - Pasang batere remote audio lcd monitor kabin tdk ada  | - Service rem all  | - Bersihkan blower & kondensor ac  | - Ch tekanan ban all"
250421901919,,2025-12-11,MK2NCLMATSJ000339,SDMTMJKRAB,,0,0,6597,,                pak adji: 0811 1701 063  | 
250421901925,,2025-12-11,MHCNMR81LPJ119302,BNPPSUBSKN,,0,0,182030,,                pak calvin: 0851 5645 8740  | - Ganti oli mesin+filter oli (last km: 166.420 tgl; 10-11-2025)  | - ganti fuel filter all  | - grease up  | Note: mohon di buatkan estimasi terlebih dahulu  | 
250421901926,,2025-12-11,MHKM5EA3JLK168836,AUT2KDRHSN,,0,0,138506,,                pak siswanto: 08123408092  | - Ganti oli mesin+filter oli (last km: 123.621 tgl: 23.06.2025)  | Note: mohon di buatkan estimasi terlebih dahulu & konfirmasi apabila ada penambahan part & jasa  | terima kasih.
250421901927,,2025-12-11,MHKV3BA3JPK064405,ADHSSUBSDR,,0,0,95198,,                pak jafar: 0822 5798 3357  | last km: 83.970 tgl: 16-09-2025  | - Cek kemudi berat  |   | 
250421901928,250422900849,2025-12-11,MHKV5EB1JMK006245,*INTERNAL,,804900,0,175781,2025-12-12,                Unit Storing  | - Ganti oli mesin+filter oli  | - Lampu senja+kota mati (Cek elektrikal)  | - Tarikan gas kurang bertenaga+ bunyi kretek2 kalau digas saat jalan  | - Dibawah setir ada yg bocor sehingga udara panas mesin masuk ke kaki kiri supir  | - Cek sapuan wiper kurang bersih  | - Penutup ba
250421901924,,2025-12-11,MHKA6GK6JSJ083207,AUT2SUBBSR,,0,0,5359,,                bu winarsih: 0811 1909 8822
250521000268,250522000227,2025-12-12,MHKV3BA3JRK066162,ADHSMESSSM,INBISCO,834936,91843,32591,2026-01-07,INBISCO INBISCO  | BERKALA 30.000 KM  | ( LAST SR KM 19.724 TGL 28/05/25 )
250121004390,250122004176,2025-12-12,MHKB3BA1JPK095150,ASPMBKSBCS,TIKIJNEEKA,590269,64930,47024,2026-01-09,"TIKIJNEEKA PAK DIKIN +62 813-8606-9716  | Last servis km 37 359 tgl 14/8/25  |   | Mohon dibuatkan estimasi, tidak menggunakan chamber clean, additif, brake  | cleaner,engine flush, chemical"
250121004403,250122004174,2025-12-12,MHKB3BA1JRK096495,ASPMBKSBCS,TIKIJNEEKA,682179,75040,40618,2026-01-09,TIKIJNEEKA PAK DIKIN +62 813-8606-9716  | Last servis km 25014 tgl 8/825  |   | mohon dibuatkan estimasi 
250121004404,250122004175,2025-12-12,MHKB3BA1JRK096556,ASPMBKSBCS,TIKIJNEEKA,674972,74247,33087,2026-01-09,TIKIJNEEKA PAK DIKIN +62 813-8606-9716  | Last servis km 21945 tgl 3/7/25  |   | mohon dibuatkan estimasi 
250121004405,250122004177,2025-12-12,MHKB3BA1JRK096559,ASPMBKSBCS,TIKIJNEEKA,1214356,133578,37942,2026-01-09,TIKIJNEEKA PAK DIKIN +62 813-8606-9716  | Last servis km 29077 tgl 19/8/25  |   | mohon dibuatkan estimasi  |   | servis di percepat agar tdk terlewat 
250121004406,250122004149,2025-12-12,MHKB3BA1JRK101333,ASPMBKSBCS,TIKIJNEEKA,663193,72951,35897,2026-01-07,TIKIJNEEKA PAK DIKIN +62 813-8606-9716  | Last servis km  26472 tgl 25/8/25  |   | mohon dibuatkan estimasi   | 
250121004407,250122004173,2025-12-12,MHKB3BA1JRK100889,ASPMBKSBCS,TIKIJNEEKA,583062,64137,31236,2026-01-09,TIKIJNEEKA PAK DIKIN +62 813-8606-9716  | Last servis km 20525 tgl 18/8/25  |   | mohon dibuatkan estimasi 
250421901869,250422000860,2025-12-12,MHKAA1BY7PK022785,BSBAJKTPKT,,2368000,260480,93828,2026-01-07," PAK ADITYA  0857 8453 0816  | GANTI BAN LUAR 4 PCS  | - GT RADIAL 185/65 R15 CHAMPIRO ECOTEC  | - BAN DEPAN RH LH & BELAKANG RH LH  | - KONDISI BAN TIPIS & RETAK RETAK  | - HARGA =  Rp 657.120,- X4"
250121901399,250122901438,2025-12-12,JT7X2RB80L7020119,*INTERNAL,,2208487,0,74188,2025-12-16,Stock For Rent - Service berkala   | - Ch accu  | - Bersihkan throttle body  | - Ch filter udara & ac  | - Ch busi   | - Ch coolant radiator & brake fluid  | - Ch discbrake RR RH tdk rata   | - Ban RR all sdkt mkn luar (T)  | - Service rem all  | - Balancing all roda  | - Ch tekanan ban all  | - Ch status uji emisi  | 
250121901404,250122901439,2025-12-12,MHCPHR54CRJ542216,*INTERNAL,JAKARTAINT,1056902,0,9998,2025-12-18,JAKARTAINT - Cek accu tidak kuat starter  |  (stooring JICT) 
250621900259,,2025-12-12,MHKV3BA3JNK061937,ADHSPNKIMB,,0,0,45379,, YONGKI ( 0822 5378 1147 )  | GANTI OLI MESIN + FILTER OLI   | ( LAST SERVICE : 60.000KM : 36.465 /DD : 08/09/205)  | KELUHAN : PEDAL KOPLING BUNYI2
250421901929,250422900850,2025-12-12,MHKB3BA1JRK099641,*INTERNAL,,2,0,33885,2025-12-13,                               - General cek up (selesai claim asuransi)  | - Cek elektrikal  | - Stampel ban all
250421901931,,2025-12-12,MHKAA1BY1SK073952,AUT2SUBJSR,,0,0,7688,,                pak okta: 0822 2894 7007
250421901932,250422900851,2025-12-12,MHFJB8EM7R1136565,*INTERNAL,,1,0,39761,2025-12-12,                Unit Storing  | - Pasang cover+nopol depan  | 
250421901933,250422900852,2025-12-12,MHKV5EB1JMK006245,*INTERNAL,,715157,0,175782,2025-12-13,                Unit Storing  | - Cek mobil tidak kuat stater   | - Cek sapuan wiper belakang kurang bersih  | 
250421901930,260422900001,2025-12-12,MHKV3BA3JLK057228,*INTERNAL,,741905,0,141234,2025-12-20,                - Cek AC tidak dingin (panas)  | 
250421901934,250422900853,2025-12-13,MHFJW8EM7L2379119,*INTERNAL,,1,0,50396,2025-12-13,                - Lepas GPS
250421901935,,2025-12-13,MHKAA1BY5SK074067,AUT2SUBJSR,,0,0,9283,,                pak riffan: 0821 4091 3132
250421901936,250422900854,2025-12-13,MHKM5EA3JLK167930,*INTERNAL,,150753,0,149569,2025-12-18,                - General cek up (selesai replace)  | - Cek elektrikal
250421901937,250422900855,2025-12-13,MHKM5FA4JMK073866,*INTERNAL,,450004,0,95019,2025-12-15,                               - General cek up (selesai replace)  | - Cek AC  | - Cek elektrikal  | - Pasang cover jok frt rh/lh+tengah rh/lh  |   | 
250421901942,,2025-12-13,MHKAB1BY8PK048776,AUT2SUBJSR,,0,0,49433,,                pak junaidy: 085815962634  | last km: 39.769 tgl: 30-07-2025
250421901938,,2025-12-13,MHKAA1BY5SK074103,AUT2SUBBSR,,0,0,8549,,                pak eko: 0812 3147 409
250121004253,250122004271,2025-12-15,MHKS6GJ3JRJ049373,OTKPJKTDMT,,160000,17600,59699,2026-01-13,"Stock For Rent STOCK UNIT  | SPOORING  | - BAN MAKAN SEBELAH  | - HARGA = Rp 174.400,- inc ppn  | ( HC BELUM PERNAH SPOORING )"
250121004379,250122004231,2025-12-15,MHKB3BA1JPK092622,ASPMBKSBCS,TIKIJNEEKA,660603,72667,47157,2026-01-09,"TIKIJNEEKA DIKIN   +62 813 8606 9716  | SR 50.000 KM  | ( LAST SR KM 35.926 TGL 13/06/25 )  |   | - Mohon dibuatkan estimasi, tidak menggunakan chamber clean, additif , brake cleaner,engine flush, chemical"
250121004391,250122004178,2025-12-15,MHKB3BA1JPK095148,ASPMBKSBCS,TIKIJNEEKA,615153,67667,47919,2026-01-09,TIKIJNEEKA PAK DIKIN +62 813-8606-9716  | Last servis km 38.949 tgl 5/8/25  |   | mohon dibuatkan estimasi  |   | servis di lebih cepat agar tdk terlewat 
250621900258,,2025-12-15,MHKV3BA3JNK061825,*OTHERS,,0,0,55341,, FEDRIAN ( 0823 5132 8952 ) - GANTI OLI MESIN + FILTER OLI ( LAST SERVICE : 60.000KM : 45.991 /DD: 05/08/2025) KELUHAN : KARET WIPER SUDAH AUS ( PENGHAPUSAN TIDAK MAXIMAL )
250421901801,250422000868,2025-12-15,MHCNMR81LPJ119339,BPRMSUBRJS,,2080000,228800,189440,2026-01-21," PAK CALVIN 0851 5645 8740 GANTI BAN LUAR 1 PCS - POSISI BAN DEPAN LH - GT 750 R16 SUPER 88N KELIHATAN BENANG - HARGA BAN =    Rp 1.696.524,- - SPOORING    =    Rp    333.000,- - BAN DALAM =    Rp    226.662,- - FLAP/MARSET = Rp      52.614,-"
250421901939,,2025-12-15,MHKP3FA1JPK049104,AMIMSUBRKR,,0,0,70734,,"                pak hendrik: 0881 9580 271  | last km: 59.038 tgl: 09-09-2025  | Note: Mohon di buatkan estimasi jika ada pergantian part di luar ganti oli,tidak  |  ada penambahan additive DCS,seperti Engine conditioner/Engine flush & brake  | cleaner"
250421901940,,2025-12-15,MHKAA1BY9SK070457,AUT2SUBBSR,,0,0,31151,,                kusdianto: 0856 4913 2161  | last km: 20.261 tgl: 24-09-2025
250421901941,,2025-12-15,MHKM5EA3JLK169022,AUT2PSRAYN,,0,0,201314,,                pak chusnul: 0857 3034 0800  | - Ganti oli mesin+filter oli ( last km : 201.314 tgl: 08-09-2025)  | - cek sapuan wiper depan kurang bersih  | Note: mohon di buatkan estimasi terlebih dahulu
250421901943,250422900856,2025-12-15,MHFHB3FS6K0035995,*INTERNAL,,443454,0,94865,2025-12-16,                - Ganti oli mesin+filter oli  | - Cek AC  | - Cek engine  | - Cek elektikal
250421901944,,2025-12-15,MHKAB1BY0RK098574,BPRMSUBJSR,,0,0,65546,,"                bu ana: 0821 4013 2159  | - Ganti ban luar 2pcs depan RH+LH  | GT Champiro ecotec 195/60R16  | kondisi ban gompal2  | harga Rp: 798.000,- X2  | mbak hartik"
250421901948,250422900857,2025-12-15,MK2NCLHARLJ000871,*INTERNAL,,1,0,94667,2025-12-16,                - Gesek no rangka+no mesin  | 
250421901949,250422900858,2025-12-15,MHKP3FA1JPK049104,*INTERNAL,,600441,0,70758,2025-12-17,                - General cek up (persiapan keur)  | - Cek mobil tidak kuat stater  | - Stampel ban all  | - Cek AC  | - Cek engine  | - Cek elektrikal
250421901950,250422900859,2025-12-15,MHKA6GJ6JSJ199867,*INTERNAL,,630631,0,35971,2025-12-16,                Unit Storing  | - Cek mobil tidak kuat stater  | - Cek elektrikal  | 
250421901951,,2025-12-15,MHKV3BA3JPK064347,ADHSKDRSKH,,0,0,110274,,                pak rico: 081336638464               CAPEM MADIUN  | - Ganti oli mesin+filter oli  | - cek sapuan  wiper kurang bersih  | - Cek filter AC  | - Cek pintu depan LH bunyi  | Note: mohon di buatkan estimasi terlebih dahulu 
250421901954,,2025-12-15,MHKV3BA3JMK058077,ADHSSUBSDR,,0,0,164621,,                pak lukas: 0878 5480 4851  | - Cek AC kurang dingin  | Note: lanjutan dari spk no 1895
250421901945,,2025-12-15,MHFAAAAA3R0031730,AUT2MLGSTY,,0,0,41845,,                pak ibnu: 08113648980  | last km: 32.592 tgl: 30-06-2025
250421901946,,2025-12-15,MHFAAAAA3R0031730,BPRMMLGSPS,,0,0,41846,,"                pak ibnu: 08113648980  | - Ganti ban luar 2pcs depan RH+LH  | 205/65R16 GT champiro lux  | kondisi ban gompal2  | harga Rp: 795.200,- X2  | novi"
250421901947,,2025-12-15,MHFHB3FS6K0035995,AUT2SUBBSR,,0,0,94866,,                temuan team  workshop  | - Ganti oli matic
250421901952,,2025-12-15,MHKP3FA1JPK049104,BMMSSUBPCL,,0,0,70759,,"                temuan workshop  | - Spooring ( ban makan dalam)  | harga Rp: 200.000,-"
250121004284,250122004270,2025-12-16,MRHRS3840RP490891,HNDAJKTPSM,SKKMIGASBU,1189400,130834,38506,2026-01-13,"SKKMIGASBU PAK BUDI +62 877 7456 0103  | SR 40.000 KM  | ( Last servis km 28.690 tgl 14/08/25 )  |   | - Mohon dibuatkan estimasi, tidak menggunakan chamber clean,  | additif, brake  cleaner,engine flush, chemical"
250121004288,250122004272,2025-12-16,MHKV3BA3JMK058313,OTKPJKTDMT,INBISCO,160000,17600,132078,2026-01-13,"INBISCO BIMA +62 812 3887 1608  | SPOORING  | - BAN MAKAN LUAR  | - HARGA = Rp 174.400,- inc ppn  | ( HC LAST SPOORING KM  92.236 TGL 19/02/24 )"
250121004388,250122004276,2025-12-16,MHKB3BA1JPK095017,ASPMBKSBCS,TIKIJNEEKA,741096,81521,64787,2026-01-13,"TIKIJNEEKA DIKIN +62 813-8606-9716  | SR 60.000 KM  | ( Last servis km 56.181 tgl 14/08/25 )  |   | Mohon dibuatkan estimasi, tidak menggunakan chamber clean, additif, brake  | cleaner,engine flush, chemical"
250121004401,250122004275,2025-12-16,MHKB3BA1JRK096538,ASPMBKSBCS,TIKIJNEEKA,1214987,133648,37649,2026-01-13,TIKIJNEEKA PAK DIKIN +62 813-8606-9716  | SR 40.000 KM  | ( Last servis km 29.119 tgl 19/08/25 )  |   | - mohon dibuatkan estiasi  |   | servis di percepat agar tdk terlewat
250121901412,250122901440,2025-12-16,MK2NCLTARMJ002336,*INTERNAL,,689416,0,105243,2025-12-18,Stock For Rent - Gt accu soak
250421901953,250422900860,2025-12-16,MHKV3BA3JPK063950,*INTERNAL,,463504,0,57275,2025-12-17,                               - General cek up (selesai claim asuransi)  | - Pasang cover jok frt rh/lh+tengah rh/lh  | - Cek remot tidak fungsi  | - Cek AC  | - Cek engine  | - Cek elektrikal
250421901956,250422900861,2025-12-16,MHFGW8EM2H1014662,*INTERNAL,,1486487,0,152948,2025-12-17,                - Cek mobil tidak kuat stater  | - Cek elektrikal  | 
250421901955,,2025-12-16,MHKAA1BYXRK061440,AUT2MLGSTY,,0,0,51385,,                pak firdaus: 081328305027  | last km: 40.837 tgl: 06-10-2025
250421901957,,2025-12-16,MHKV3BA3JMK058272,ADHSKDRSKH,,0,0,175800,,                pak yudha: 081233299046       CAPEM MADIUN  | - Ganti oli mesin+filter oli (last km: 159.598 tgl: 24-07-2025)
250121004362,250122004273,2025-12-17,MHKB3BA1JPK092051,BSBSJKTPKT,TIKIJNEEKA,527027,57973,58461,2026-01-13,TIKIJNEEKA DIKIN  +62 813-8606-9716  | GANTI BAN LUAR 1 PCS  | - GT RADIAL 165 R13 MAXMILLER PRO  | - POSISI BAN SEREP SDH TIPIS  |   | - Posisi di Bekasi
250121004382,250122004279,2025-12-17,MHKB3BA1JPK092708,ASPMBKSBCS,TIKIJNEEKA,635603,69917,70683,2026-01-13,"TIKIJNEEKA DIKIN +62 813-8606-9716  | SR 70.000 KM  | ( Last sr km 59.089 tgl 25/06/25 )  |   | - Mohon dibuatkan estimasi, tidak menggunakan chamber clean,  | additif, brake cleaner,engine flush, chemical  | "
250121004383,250122004278,2025-12-17,MHKB3BA1JPK092689,ASPMBKSBCS,TIKIJNEEKA,720015,79202,67924,2026-01-13,"TIKIJNEEKA DIKIN +62 813-8606-9716  | SR 60.000 KM  | ( Last servis km 54 460 tgl 21/07/25 )  |   | - Mohon dibuatkan estimasi, tidak menggunakan chamber clean, additif, brake cleaner,engine flush, chemical"
250421901958,,2025-12-17,MHFJB8EM0S1167467,AUT2JBGSKH,,0,0,11154,,                pak arif: 0822 4418 0108  | - Cek kemudi lari ke kiri
250421901959,,2025-12-17,MHKV3BA3JRK065958,ADHSMLGAYN,,0,0,61083,,                pak juhari: 0812 3488 8827  | last km: 50.774 tgl; 16-09-2025  | - Cek kemudi berat  | 
250421901961,,2025-12-17,MHKV3BA3JLK056542,ADHSKDRSKH,,0,0,251902,,                pak ali: 0822 4425 9548             CAPEM MADIUN  | - Ganti oli mesin+filter oli(last km: 246.696 tgl: 22-09-2025)  | - Cek rem bunyi
250421901963,,2025-12-17,MHKB3BA1JRK100926,ADHSSUBSDR,,0,0,32550,,"                pak juan: 0856 4858 9331  | last km: 20.939 tgl: 03-09-2025  | Note: mohon di buatkan estimasi terlebih dahulu,tidak ada penambahan additive   | seperti brake cleaner,engine flush dll  | terima kasih.  | "
250621900260,,2025-12-17,MHFABAAA2R0026676,AUT2BPNSDR,,0,0,10262,, ARI KRISTANTO  | ( LAST SERVICE : 20.000K : 4.206/DD: 12/06/2025)
250421901960,,2025-12-17,MHKV3BA3JRK065958,BPRMMLGSPS,,0,0,61084,,"                pak juhari: 0812 3488 8827  | - Ganti ban luar 1pcs belakang RH  | 165R13 GT maxmiler pro  | kondisi ban tipis  | harga Rp: 591.500,-"
250421901962,260422900002,2025-12-17,JTNGF3DH4J8015968,*INTERNAL,,3225235,0,108612,2025-12-24,                               - General cek up (moving in Denpasar)  | - Cek seal crankshaft bocor (catatan dari Denpasar)  | - Stampel ban all  | - Boot Drive Shaft Frt Lh bagian dalam sobek  | - Cek AC  | - Cek engine  | - Cek elektrikal  | - Cek kebocoran oli di transmisi  | - Cek rem all  | - Cek pengisian air a
250521000269,250522000226,2025-12-18,MHKAB1BY5PK050680,AUT2MESAMP,KIMIAFARMA,14811,1629,36798,2026-01-07,KIMIAFARMA HENDRO +62 813 2430 1218 BERKALA 50.000 KM ( LAST SR KM 29.545 TGL 20/05/25 ) - CEK REMOTE PINTU TIDAK BERFUNGSI
250421901967,,2025-12-18,MHKV3BA3JRK066872,ASCOJMBHYW,,0,0,39981,,                pak ikbal: 0896 7773 5562 last km: 31.002 tgl: 16-09-2025 - pintu kanan tidak bisa di buka pakai kunci
250421901969,,2025-12-18,MHKV3BA3JMK058081,ADHSGRSRYV,,0,0,169688,,                pak diki: 0813 5866 9443  | - Ganti oli mesin+filter oli  | - Ganti remote alarm (rusak)
250621900261,,2025-12-18,MR0DB8CD5S0135150,AUT2BPNSDR,,0,0,20130,, A'ANG ( 0812 1134 8881 )  | ( LAST SERVICE : 10.000KM : 10.244 /DD: 11/11/2025)  | KELUHAN : GANTI FILTER AC 
250421901964,,2025-12-18,MHKV3BA3JNK061373,ADHSSUBSDR,,0,0,107171,,                pak yoyon: 0812 4041 1339  | - Ganti oli mesiN+filter oli (last km: 97.152 tgl: 22-07-2025)  | - Ganti oli transmisi +oli gardan ( last km: 42.075 tgl: 14-10-2023)  | - Cek filter AC ( last km : 86.314 tgl: 13-03-2025)
250421901965,,2025-12-18,MHFAA8GS1P0902811,AUT2SUBBSR,,0,0,53887,,                pak reza: 0822 3134 3302  | last km: 41.915 tgl: 02-07-2025
250421901966,260422900003,2025-12-18,MKHM5EA3JLK167709,*INTERNAL,,1308199,0,70093,2025-12-19,                               - Cek kopling tinggi (ganti kopling set)  | - Stampel ban all  | - Cek elekrikal  | - Cek sapuan wiper kurang bersih  | 
250421901968,260422900004,2025-12-18,MHKV3BA3JLK056706,*INTERNAL,,872074,0,170800,2025-12-19,                - Cek kopling tinggi+bunyi (ganti kopling set)  | 
250421901970,260422900005,2025-12-18,MHKV3BA3JNK062141,*INTERNAL,,298083,0,88874,2025-12-19,                - Ganti oli mesin+filter oli  | - General cek up (selesai replace)  | - Cek handle kaca fr rh berat  | - Cek kap mesin susah dibuka  | - Cek AC  | - Cek engine  | - Cek elektrikal
250421901971,,2025-12-18,MHKAA1BY6PK026911,AUT2TLGPLR,,0,0,83865,,                pak ady: 0822 3363 7130  | last km: 72.865 tgl; 25-07-2025
250421901972,,2025-12-18,MHKA6GK6JNJ612852,AUT2SUBJMB,,0,0,117690,,                pak budi: 081334566474  | - Ganti oli mesin+filter oli  | (last km: 106.100  tgl: 13-08-2025)
250421901973,260422900006,2025-12-19,MHKV3BA3JLK057207,*INTERNAL,,2,0,124866,2025-12-20,                - General cek up (selesai RBO)  | - Cek elektrikal  | - Cek AC
250421901974,260422900007,2025-12-19,MHKAA1BY5RK059742,*INTERNAL,,2,0,32495,2025-12-20,                - General cek up (selesai claim asuransi)  | - Cek elektrikal  | - Cek AC  | 
250421901975,260422900008,2025-12-19,MHKB3BA1JPK096092,*INTERNAL,,1,0,31789,2025-12-20,                - General cek up (selesai dari ATPM)  | - Cek elektrikal
250421901976,,2025-12-19,MHKAB1BY7RK099141,AUT2SUBBSR,,0,0,30738,,                bu ana: 082140132159  | last km: 20.120 tgl; 15-07-2025
250421901977,260422900009,2025-12-20,MMBJNKL30KH037620,*INTERNAL,,697418,0,53940,2025-12-24,                               - General cek up  | - Cek engine  | - Cek understel  | - Cek rem all  | - Turunkan tangki BBM  | - Cuci+salon interior+exterior  | 
250421901978,,2025-12-20,MHCNMR81LPJ119339,BNPPSUBSKN,,0,0,192103,,                pak calvin: 0851 5645 8740  | - Ganti oli mesin+filter oli (last km : 182.293 tgl: 02-12-2025)  | - Ganti fuel filter all  | - grease up
250421901979,260422900010,2025-12-20,MHFAAAAAXP0020611,*INTERNAL,,1003,0,39153,2025-12-20,                               - General cek up (selesai claim asuransi)  | - Cek AC  | - Cek engine  | - Cek elektrikal  | - Stampel ban
250421901980,,2025-12-21,MHFAAAAA4R0027671,*OTHERS,,0,0,64423,,                pak rafi: 082132662605  | - Cek accu tidak  kuat start
250621900252,260622900001,2025-12-22,MHKV3BA3JRK066388,*INTERNAL,,1,0,27276,2025-12-23, PERBAIKAN STOPPER ( BENGKOK) 
250421901981,,2025-12-22,MHKV3BA3JMK058687,ADHSKDRSKH,,0,0,127986,,                pak gilang: 0822 3456 5412  | - ganti oli mesin+filter oli(last km : 111.687  tgl: 09-07-2025)  | - Cek Speaker pintu kiri mati  | - Ban depan timbul suara seperti ada benjolan  | - Roda depan glodak glodak di jalan tidak rata/rel kereta  | - AC bunyi nging nging
250421901982,260422900011,2025-12-22,MHKV3BA3JMK058635,*INTERNAL,,506935,0,139122,2025-12-30,                               - Ganti oli mesin+filter oli  | - Ganti oli gardan+transmisi  | - Cek AC tidak dingin (panas)  | - Cek handle kaca frt berat  | - Cek rem all  | - Cek elektrikal
250421901983,260422900012,2025-12-22,MHFJW8EM9L2380109,*INTERNAL,,451222,0,86672,2025-12-22,                - Ganti oli mesin+filter oli  | - General cek up (selesai replace)  | - Cek rem dalam  | - Cek AC  | - Cek engine  | - Cek elektrikal
250421901984,,2025-12-22,MHKV3BA3JMK058635,BDPSSUBDMK,,0,0,139123,,"                pak purwanto: 0815 5074 222  | - ganti ban luar 1pcs cadangan  | 165R13 GT maxmiler pro  | kondisi ban sobek  | harga Rp: 585.000,-"
250421901985,,2025-12-22,MHKV3BA3JMK058685,ADHSMLGAYN,,0,0,126701,,                pak bazari: 081332621961  | - ganti oli mesin+filter oli (last km: 116.038 tgl: 11-09-2025)
250421901986,,2025-12-22,MHKV3BA3JMK058685,BPRMMLGSPS,,0,0,126702,,"                pak bazari: 081332621961  | - Ganti ban luar 1pcs belakang RH  | 165R13 GT Maxmiler pro  | kondisi ban tidak bisa di tambal  | harga Rp: 591.500,-  | "
250421901987,260422900013,2025-12-22,MHFJW8EM7M2386363,*INTERNAL,,1,0,99411,2025-12-22,                Unit Storing  | - Pasang nopol baru  | 
250421901988,,2025-12-23,MHKAA1BY3RK048058,AUT2MUNHOS,,0,0,69219,,                pak agung: 0813 2880 3770  | last km: 59.444 tgl: 14-08-2025  | - Cek understell  | - Cek pintu tengah RH kurang rapat saat di tutup
250421901989,,2025-12-23,MHKAB1BY4SK115768,AUT2SUBJSR,,0,0,18099,,                pak pramono: 0822 2963 5868  | last km: 9.002 tgl: 16-09-2025
250421901990,,2025-12-23,MHKV3BA3JMK058880,BPRMSUBJSR,,0,0,125990,,"                               pak bobby: 0877 0112 1888  | - Ganti ban luar 1pcs belakang RH  | kondisi ban tipis terlihat benang  | 165R13 GT maxmiler pro  | harga Rp: 591.500,-"
250421901991,260422900014,2025-12-23,MHKV3BA3JLK057999,*INTERNAL,,256490,0,97633,2025-12-24,                               - Ganti oli mesin+filter oli  | - General cek up (selesai RBO)  | - Cek pintu tengah bunyi  | - Cek AC  | - Cek engine  | - Cek elektrikal
250421901992,260422900015,2025-12-23,MK2NCLTATSJ006586,*INTERNAL,,2,0,40,2025-12-24,                - General cek up  | - Stampel ban all
250421901993,260422900016,2025-12-24,MHKV3BA3JNK061333,*INTERNAL,,594595,0,46656,2025-12-24,                - Cek mobil tidak kuat stater  | 
250421901994,260422900017,2025-12-24,MHKV3BA3JLK056736,*INTERNAL,,15897,0,175780,2025-12-24,                - General cek up (selesai RBO)  | - Cek remot mati  | - Cek AC  | -  Cek engine  | - Cek elektrikal
250421901995,,2025-12-24,MK2NCLTATRJ006307,SSPMSDJRYJ,,0,0,42696,,                pak rivky: 0852 7371 1775  | last km: 30.553 tgl: 22-09-2025
250421901996,260422900018,2025-12-24,MHYANC32SPJ101763,*INTERNAL,,2,0,29848,2025-12-24,                Unit Storing  | - General cek up  | - Cek AC  | - Cek elektrikal
250421901997,,2025-12-26,MHKAA1BY4PK026986,AUT2MLGSTY,,0,0,76423,,                pak yofi:0821 3249 7640 last km: 65.884 tgl: 23-10-2025 - Cek rem kurang pakem
250421901998,,2025-12-26,MHKV3BA3JRK065549,ADHSSUBSDR,,0,0,60000,,"                pak adit: 0813 5790 7741  | last km: 50.166 tgl: 16-09-2025  | Note: Mohon di buatkan estimasi jika ada pergantian part di luar ganti oli,tidak  |  ada penambahan additive DCS,seperti Engine conditioner/Engine flush & brake  | cleaner  | "
250421901999,260422900019,2025-12-26,MHKV5EB1JMK006215,*INTERNAL,,224406,0,91768,2025-12-29,                - General cek up (selesai RBO)  | - Cek AC tidak dingin  | - Cek engine  | - Cek elekrikal
250421902000,260422900020,2025-12-26,MHKM5EA3JLK168770,*INTERNAL,,383035,0,196326,2025-12-26,                - Pasang bearing roda frt rh  | - Pasang fan belt
250421902001,,2025-12-26,MHKAA1BY4RK047128,AUT2JBGSKH,,0,0,67708,,                pak yasfi: 0856 4507 1989  | last km: 57.414 tgl: 21-10-2025
250421902002,,2025-12-27,MHCNMR81LPJ118813,BNPPSUBSKN,,0,0,206221,,                pak calvin: 0851 5645 8740  | - Ganti oli mesin+filter oli ( last km: 195.455 tgl: 05-12-2025)  | - grease up  | - Ganti fuel filter all  | Note: mohon di buatkan estimasi terlebih dahulu
250421902003,,2025-12-27,MHCNMR81LPJ119302,BNPPSUBSKN,,0,0,192736,,                pak calvin: 0851 5645 8740  | - Ganti oli mesin+filter oli (last km: 182.030 tgl; 11-12-2025)  | - ganti fuel filter all  | - grease up  | Note: mohon di buatkan estimasi terlebih dahulu  | 
250421902004,,2025-12-27,MHKB3BA1JRK101818,ADHSSUBSDR,,0,0,30489,,                denny: 0813 3197 0321  | last km: 22.075 tgl; 04-11-2025
250421902005,260422900021,2025-12-27,MHKB3BA1JRK099641,*INTERNAL,,1,0,33937,2025-12-27,                - Cek kondensor AC (selesai claim asuransi)  | 
250421902006,,2025-12-27,MHKAA1BYXPK026975,BMSPKDRMBM,,0,0,80908,,"                pak chonk: 085230534725  | - Ganti ban luar 2pcs belakang RH+LH  | 185/65R15 GT champiro ecotec  | kondisi ban aus & sobek samping  | harga Rp: 640.000,- X2  | "
250421902007,,2025-12-27,MHKAA1BYXPK026975,AUT2JBGSKH,,0,0,80909,,                pak chonk: 085230534725  | last km: 71.675 tgl: 23-09-2025
250421902008,260422900022,2025-12-27,MHKB3BA1JCK012870,*INTERNAL,,2,0,107162,2025-12-27,                - Lepas sticker  | 
250421902009,260422900023,2025-12-27,MHKV3BA3JMK058563,*INTERNAL,,784829,0,148479,2025-12-27,                - Ganti oli mesin+filter oli - Pasang joint ster - Cek elektrikal
250421902010,260422900024,2025-12-27,MHKM5EB3JLK028806,*INTERNAL,,288065,0,178361,2025-12-27,                Unit Storing  | - Ganti oli mesin+filte oli  | - Bersihkan filter2  | - Cek elektrikal   | - Cek rem  | - Cek understel
250421902011,260422900025,2025-12-27,MHKV3BA3JRK065779,*INTERNAL,,594595,0,33451,2025-12-29,                Unit Storing  | - Cek mobil mogok tidak kuat stater  | - Cek elektrikal  | 
250421902018,260422900026,2025-12-27,MHKV3BA3JSK068977,*INTERNAL,,96039,0,1117,2025-12-29,                - Pasang perlengkapan aksesoris  | 
250621900262,,2025-12-29,MHKV3BA3JNK061937,*OTHERS,,0,0,46285,, YONGKY ( 0822 5378 1147 )   |  KELUHAN : UNIT TIDAK KUAT STATER ( BATERY SUDAH SOAK ) 
250421902012,,2025-12-29,MHKS6GJ3JSJ052925,ADHSSUBSDR,,0,0,10960,,                ayub:  0819 3821 5446
250421902013,,2025-12-29,MHKAB1BY6RK100487,AUT2PSRAYN,,0,0,40111,,                pak iril: 0856 4964 9015  | last km: 30.154 tgl: 22-08-2025
250421902014,,2025-12-29,MHKV3BA3JRK066194,ADHSKDRSKH,,0,0,57179,,                pak guritno: 0822 4446 3048  | last km: 44.835 tgl; 27-08-2025     CAPEM PACITAN  | Note: mohon di buatkan estimasi terlebih dahulu
250421902015,,2025-12-29,MHKV3BA3JRK066194,BMSPMDNUSH,,0,0,57180,,"                pak guritno: 0822 4446 3048                 CAPEM PACITAN  | - Ganti ban luar 2pcs belakang RH+LH  | 165R13 GT maxmiler pro   | kondisi ban tipis  | harga Rp: 570.000,- X2  | "
250421902019,260422900027,2025-12-29,MHKM5EA3JLK168770,*INTERNAL,,4,0,196451,2025-12-30,                - General cek up (selesai sewa)  | - Cek AC  | - Cek Engine  | - Cek elektrikal  | - Cek rem  | - Cek understel  | 
250421902020,260422900028,2025-12-29,MKHM5EA3JLK167709,*INTERNAL,,4,0,70440,2025-12-30,                - General cek up (selesai sewa)  | - Cek AC  | - Cek engine  | - Cek elektrikal  | - Cek rem  | - Cek understel
250421902022,,2025-12-29,MHKE8FB2JSK021474,AUT2JBGSKH,,0,0,20545,,                pak edy: 0857 3156 3828  | last km: 10.091 tgl: 21-10-2025
250421902023,260422900029,2025-12-30,MHKV3BA3JLK056729,*INTERNAL,,1004,0,233335,2025-12-30,                - General cek up (selesai sewa)  | - Cek AC  | - Cek engine  | - Cek elektrikal  | - Cek understel   | - Cek rem  | 
250421902024,260422900030,2025-12-30,MHFJW8EM9L2380109,*INTERNAL,,1050742,0,86738,2025-12-30,                Unit Storing  | - Ganti kampas rem depan  | 
250421902025,260422900031,2025-12-30,MHKV3BA3JLK057207,*INTERNAL,,2,0,125506,2025-12-30,                - General cek up (selesai replace)  | - Cek elektrikal  | - Cek ban belakang kiri bocor
250421902026,260422900032,2025-12-30,MHKV3BA3JPK064339,*INTERNAL,,10747,0,60447,2025-12-30,                               - General cek up (selesai claim asuransi)  | - Cek AC  | - Cek engine  | - Cek elektrikal  | - Cek ban serep bocor
260421900001,260422900033,2026-01-02,MHKV3BA3JLK056812,*INTERNAL,,609095,0,223438,2026-01-05,                Unit Storing (piket nataru)  | - Cek mobil mogok tidak kuat stater  | - Cek remot tidak fungsi  | - Cek elektrikal  | 
260421900002,260422900034,2026-01-06,MHKV3BA3JSK067908,*INTERNAL,,1,0,16629,2026-01-06,                - General cek up (selesai claim asuransi)  | - Cek elektrikal  | 
260421900004,260422900035,2026-01-06,MHKV3BA3JMK058024,*INTERNAL,,288024,0,178516,2026-01-06,                - Ganti oli mesin+filter oli  | - Cek pintu sleding tengah kanan bunyi  | - Cek AC  | - Cek engine  | - Cek elektrikal
260421900005,260422900036,2026-01-06,AGH30-0143361,*INTERNAL,,5839,0,69445,2026-01-06,Operation - Cek remot kadang tidak fungsi  | 
260421900006,260422900037,2026-01-07,MHKM5EA3JLK169022,*INTERNAL,,2,0,214015,2026-01-07,                - General cek up (selesai sewa)  | - Cek AC  | - Cek engine  | - Cek elektrikal  | 
260421900007,260422900038,2026-01-07,MHKV3BA3JLK056720,*INTERNAL,,256489,0,162042,2026-01-07,                - Ganti oli mesin+filter oli  | - General cek up (selesai claim asuransi)  | - Cek AC  | - Cek engine  | - Cek elektrikal  | 
260421900008,260422900039,2026-01-08,MHKV3BA3JLK057237,*INTERNAL,,256491,0,208911,2026-01-08,                - Ganti oli mesin+filter oli  | - General cek up (selesai sewa)  | - Cek AC  | - Cek engine  | - Cek elektrikal  | - Cek rem  | - Cek understel  | 
260421900009,260422900040,2026-01-08,MHFJW8EM9L2384063,*INTERNAL,,4,0,174893,2026-01-08,                - General cek up (selesai sewa)  | - Cek ban belakang kanan bocor  | - Cek AC  | - Cek engine  | - Cek elektrikal  | - Cek rem  | - Cek understel
260421900010,260422900041,2026-01-08,MHKV3BA3JLK056282,*INTERNAL,,2,0,186237,2026-01-08,                - General cek up (selesai sewa)  | - Cek AC  | - Cek engine  | - Cek elektrikal
260421900011,260422900042,2026-01-08,MHRRW1880NJ370748,*INTERNAL,,39807,0,38984,2026-01-08,                Unit Storing  | - Cek wiper belakang sobek  | - Cek elektrikal  | 
260421900012,260422900043,2026-01-09,MHKV3BA3JLK056706,*INTERNAL,,2,0,171921,2026-01-09,                - General cek up (selesai sewa)  | - Cek AC  | - Cek engine  | - Cek elektrikal
260421900013,260422900044,2026-01-09,MHKAA1BY0RK061429,*INTERNAL,,4,0,35518,2026-01-09,                               - General cek up (selesai claim asuransi)  | - Pasang cover jok frt rh/lh  | - Cek kopling bunyi
260421900014,260422900045,2026-01-09,MHKM5EB3JMK036103,*INTERNAL,,307502,0,166980,2026-01-09,                - Cek bumper depan kanan renggang (buka)  | 
260421900015,260422900046,2026-01-09,MHKV3BA3JRK065431,*INTERNAL,,600596,0,47589,2026-01-09,                - Cek mobil tidak kuat stater  | - Cek remot alarm mati  | 
260421900016,260422900047,2026-01-09,MHKV3BA3JSK067908,*INTERNAL,,12001,0,16630,2026-01-09,                - Cek remot alarm mati  | 
260421900017,260422900048,2026-01-09,MHKV3BA3JLK057250,*INTERNAL,,256489,0,162128,2026-01-09,                - Ganti oli mesin+filter oli  | - General cek up (selesai sewa)  | - Pasang nopol baru  | - Cek AC  | - Cek engine  | - Cek elektrikal
260421900018,260422900049,2026-01-10,MHKV3BA3JLK057766,*INTERNAL,,2,0,160374,2026-01-10,                - General cek up (selesai sewa)  | - Cek AC  | - Cek engine  | - Cek elektrikal
260421900019,260422900050,2026-01-10,MHKV3BA3JLK057755,*INTERNAL,,2,0,163460,2026-01-10,                - General cek up (selesai sewa)  | - Cek AC  | - Cek engine  | - Cek elektrikal  | 
260421900020,260422900051,2026-01-10,MHKV3BA3JLK056735,*INTERNAL,,2,0,150131,2026-01-10,                - General cek ap (selesai sewa)  | - Cek AC  | - Cek engine  | - Cek elektrikal
260421900021,260422900052,2026-01-10,MHKV5EB1JMK005985,*INTERNAL,,1,0,171043,2026-01-10,                Unit Storing  | - Gesek no rangka+no mesin  | - Cek elektrikal
